{"Y1D":{"x":[-0.088,-0.064,-0.039999999999999994,-0.015999999999999993,0.008000000000000014,0.032000000000000015,0.056000000000000022,0.080000000000000029,0.10400000000000002,0.12800000000000003,0.15200000000000005,0.17600000000000005,0.20000000000000004,0.22400000000000006,0.24800000000000011,0.27200000000000008,0.29600000000000004,0.32000000000000006,0.34400000000000008,0.3680000000000001,0.39200000000000007,0.41600000000000009,0.44000000000000011,0.46400000000000008,0.4880000000000001,0.51200000000000012,0.53600000000000014,0.56000000000000016,0.58400000000000007,0.6080000000000001,0.63200000000000012,0.65600000000000014,0.68000000000000016,0.70400000000000018,0.7280000000000002,0.75200000000000022,0.77600000000000013,0.80000000000000016,0.82400000000000007,0.84800000000000009,0.87200000000000022,0.89600000000000013,0.92000000000000015,0.94400000000000028,0.96800000000000019,0.992,1.016,1.04,1.064,1.088],"y":[0,0,0,0,0,0,0,0,0,0,1,4,4,12,21,38,92,87,152,287,469,696,1154,1523,1839,1948,1681,1197,744,442,210,88,44,14,6,0,2,0,0,0,0,0,0,0,0,0,0,0,0,0]},"Y1DfitComp":{"x":[],"y":[]},"limits":{"y":[-0.1,1.1],"x":[-0.1,1.1]},"Y1DfitSum":{"x":0.5,"y":1},"X1D":{"x":[-0.088,-0.064,-0.039999999999999994,-0.015999999999999993,0.008000000000000014,0.032000000000000015,0.056000000000000022,0.080000000000000029,0.10400000000000002,0.12800000000000003,0.15200000000000005,0.17600000000000005,0.20000000000000004,0.22400000000000006,0.24800000000000011,0.27200000000000008,0.29600000000000004,0.32000000000000006,0.34400000000000008,0.3680000000000001,0.39200000000000007,0.41600000000000009,0.44000000000000011,0.46400000000000008,0.4880000000000001,0.51200000000000012,0.53600000000000014,0.56000000000000016,0.58400000000000007,0.6080000000000001,0.63200000000000012,0.65600000000000014,0.68000000000000016,0.70400000000000018,0.7280000000000002,0.75200000000000022,0.77600000000000013,0.80000000000000016,0.82400000000000007,0.84800000000000009,0.87200000000000022,0.89600000000000013,0.92000000000000015,0.94400000000000028,0.96800000000000019,0.992,1.016,1.04,1.064,1.088],"y":[4,1,3,1,5,3,3,4,0,0,6,3,4,1,4,2,4,6,7,9,11,9,16,17,17,35,56,68,85,161,208,293,399,590,919,1194,1604,1775,1813,1431,945,543,274,134,58,12,17,1,0,0]},"X1DfitComp":{"x":[],"y":[]},"X1DfitSum":{"x":0.5,"y":1},"cmapLimits":[0,306],"contour":{"x":[-0.11199999999999979,-0.088,-0.064,-0.039999999999999994,-0.015999999999999993,0.008000000000000014,0.032000000000000015,0.056000000000000022,0.080000000000000029,0.10400000000000002,0.12800000000000003,0.15200000000000005,0.17600000000000005,0.20000000000000004,0.22400000000000006,0.24800000000000011,0.27200000000000008,0.29600000000000004,0.32000000000000006,0.34400000000000008,0.3680000000000001,0.39200000000000007,0.41600000000000009,0.44000000000000011,0.46400000000000008,0.4880000000000001,0.51200000000000012,0.53600000000000014,0.56000000000000016,0.58400000000000007,0.6080000000000001,0.63200000000000012,0.65600000000000014,0.68000000000000016,0.70400000000000018,0.7280000000000002,0.75200000000000022,0.77600000000000013,0.80000000000000016,0.82400000000000007,0.84800000000000009,0.87200000000000022,0.89600000000000013,0.92000000000000015,0.94400000000000028,0.96800000000000019,0.992,1.016,1.04,1.064,1.088,1.1119999999999999],"y":[-0.11199999999999979,-0.088,-0.064,-0.039999999999999994,-0.015999999999999993,0.008000000000000014,0.032000000000000015,0.056000000000000022,0.080000000000000029,0.10400000000000002,0.12800000000000003,0.15200000000000005,0.17600000000000005,0.20000000000000004,0.22400000000000006,0.24800000000000011,0.27200000000000008,0.29600000000000004,0.32000000000000006,0.34400000000000008,0.3680000000000001,0.39200000000000007,0.41600000000000009,0.44000000000000011,0.46400000000000008,0.4880000000000001,0.51200000000000012,0.53600000000000014,0.56000000000000016,0.58400000000000007,0.6080000000000001,0.63200000000000012,0.65600000000000014,0.68000000000000016,0.70400000000000018,0.7280000000000002,0.75200000000000022,0.77600000000000013,0.80000000000000016,0.82400000000000007,0.84800000000000009,0.87200000000000022,0.89600000000000013,0.92000000000000015,0.94400000000000028,0.96800000000000019,0.992,1.016,1.04,1.064,1.088,1.1119999999999999],